CommitNumber;Entity;Class;Change;Superclass
11;CLASS;uk.ac.ed.ph.aardvark.commons.xml.TracingFilter;ADDED*;uk.ac.ed.ph.aardvark.commons.xml.XMLLexicalFilterImpl
11;CLASS;uk.ac.ed.ph.aardvark.commons.xml.XSLTPreFilter;ADDED*;uk.ac.ed.ph.aardvark.commons.xml.XMLLexicalFilterImpl
11;CLASS;uk.ac.ed.ph.aardvark.commons.xml.XMLLexicalTeeFilter;ADDED*;uk.ac.ed.ph.aardvark.commons.xml.XMLLexicalFilterImpl
11;CLASS;uk.ac.ed.ph.aardvark.commons.xml.SAXErrorHandler;ADDED*;uk.ac.ed.ph.aardvark.commons.xml.XMLLexicalFilterImpl
11;CLASS;uk.ac.ed.ph.aardvark.commons.xml.DocumentEmbeddingFilter;ADDED*;uk.ac.ed.ph.aardvark.commons.xml.XMLLexicalFilterImpl
14;CLASS;uk.ac.ed.ph.aardvark.databinding.FullNodeMetadataWriterStrategy;ADDED*;uk.ac.ed.ph.aardvark.databinding.SimpleWriterStrategy
14;CLASS;uk.ac.ed.ph.aardvark.databinding.FullNodeMetadataReaderStrategy;ADDED*;uk.ac.ed.ph.aardvark.databinding.SimpleReaderStrategy
14;CLASS;uk.ac.ed.ph.aardvark.cms.domain.FilesNodePath;ADDED*;uk.ac.ed.ph.aardvark.cms.domain.ContentNodePath
14;CLASS;uk.ac.ed.ph.aardvark.cms.InconsistentStateException;ADDED*;uk.ac.ed.ph.aardvark.cms.ContentManagerException
14;CLASS;uk.ac.ed.ph.aardvark.cms.domain.FullNodeMetadata;ADDED*;uk.ac.ed.ph.aardvark.cms.domain.CoreNodeMetadata
14;CLASS;uk.ac.ed.ph.aardvark.cms.domain.WorkspaceNodePath;ADDED*;uk.ac.ed.ph.aardvark.cms.domain.ContentNodePath
14;CLASS;uk.ac.ed.ph.aardvark.cms.domain.ContentNodePath;ADDED*;uk.ac.ed.ph.aardvark.cms.domain.NodePath
14;CLASS;uk.ac.ed.ph.aardvark.cms.domain.HistoryNodePath;ADDED*;uk.ac.ed.ph.aardvark.cms.domain.ContentNodePath
14;CLASS;uk.ac.ed.ph.aardvark.cms.internal.ContentManagerImpl;ADDED*;uk.ac.ed.ph.aardvark.cms.internal.ContentReaderImpl
14;CLASS;uk.ac.ed.ph.aardvark.cms.internal.jdbc.DatabaseMetadataManager;ADDED*;uk.ac.ed.ph.aardvark.cms.internal.jdbc.DatabaseMetadataReader
23;CLASS;uk.ac.ed.ph.aardvark.cms.internal.ContentManagerImplCheckoutTest;ADDED*;uk.ac.ed.ph.aardvark.cms.internal.AbstractContentManagerImplTest
50;CLASS;uk.ac.ed.ph.aardvark.cms.DuplicateNodeLinkIdException;ADDED*;uk.ac.ed.ph.aardvark.cms.MetadataConstraintViolationException
50;CLASS;uk.ac.ed.ph.aardvark.cms.DuplicateNodePathException;ADDED*;uk.ac.ed.ph.aardvark.cms.MetadataConstraintViolationException
80;CLASS;uk.ac.ed.ph.aardvark.tools.legacyconversion.LegacyMCQConversionStrategy;ADDED*;uk.ac.ed.ph.aardvark.tools.legacyconversion.LegacyNodeConversionStrategy
80;CLASS;uk.ac.ed.ph.aardvark.tools.legacyconversion.LegacyNullConversionStrategy;ADDED*;uk.ac.ed.ph.aardvark.tools.legacyconversion.LegacyNodeConversionStrategy
101;CLASS;uk.ac.ed.ph.aardvark.commons.xml.ResultAccumulatingFilter;ADDED*;uk.ac.ed.ph.aardvark.commons.xml.XMLLexicalFilterImpl
105;CLASS;uk.ac.ed.ph.aardvark.tools.legacyconversion.LegacyContentPageConversionStrategy;ADDED*;uk.ac.ed.ph.aardvark.tools.legacyconversion.LegacyNodeConversionStrategy
114;CLASS;uk.ac.ed.ph.aardvark.processor.domain.InvalidSourceCodeException;ADDED*;uk.ac.ed.ph.aardvark.processor.domain.ClientValidationException
114;CLASS;uk.ac.ed.ph.aardvark.processor.validator.ContentPageValidationStrategy;ADDED*;uk.ac.ed.ph.aardvark.processor.validator.AbstractTeX4htValidationStrategy
114;CLASS;uk.ac.ed.ph.aardvark.processor.validator.MCQValidationStrategy;ADDED*;uk.ac.ed.ph.aardvark.processor.validator.AbstractTeX4htValidationStrategy
114;CLASS;uk.ac.ed.ph.aardvark.processor.domain.AardvarkLaTeXException;ADDED*;uk.ac.ed.ph.aardvark.processor.domain.InvalidSourceCodeException
114;CLASS;uk.ac.ed.ph.aardvark.processor.validator.AbstractTeX4htValidationStrategy;ADDED*;uk.ac.ed.ph.aardvark.processor.validator.AbstractValidationStrategy
114;CLASS;uk.ac.ed.ph.aardvark.processor.domain.ProcessorConfigurationException;ADDED*;uk.ac.ed.ph.aardvark.processor.domain.ProcessorException
119;CLASS;uk.ac.ed.ph.aardvark.processor.validator.ContentPageValidatorTest;ADDED*;uk.ac.ed.ph.aardvark.processor.validator.AbstractValidatorTest
120;CLASS;uk.ac.ed.ph.aardvark.processor.SimpleCacheStylesheetResourceResolver;ADDED*;uk.ac.ed.ph.aardvark.processor.BasicStylesheetResourceReader
128;CLASS;uk.ac.ed.ph.aardvark.processor.validator.MCQValidatorTest;ADDED*;uk.ac.ed.ph.aardvark.processor.validator.AbstractValidatorTest
130;CLASS;uk.ac.ed.ph.aardvark.processor.CachedStylesheetResourceResolver;ADDED*;uk.ac.ed.ph.aardvark.processor.BasicStylesheetResourceReader
133;CLASS;uk.ac.ed.ph.aardvark.processor.validator.FolderValidationStrategy;ADDED*;uk.ac.ed.ph.aardvark.processor.validator.AbstractValidationStrategy
133;CLASS;uk.ac.ed.ph.aardvark.processor.validator.FolderValidatorTest;ADDED*;uk.ac.ed.ph.aardvark.processor.validator.AbstractValidatorTest
145;CLASS;uk.ac.ed.ph.aardvark.commons.xml.BinnedResultAccumulatingFilter;ADDED*;uk.ac.ed.ph.aardvark.commons.xml.XMLLexicalFilterImpl
155;CLASS;uk.ac.ed.ph.aardvark.processor.domain.LocalResourceResult;ADDED*;uk.ac.ed.ph.aardvark.processor.domain.ProcessorResult
166;CLASS;uk.ac.ed.ph.aardvark.core.resources.OrganisationTreeMasterNode;ADDED*;uk.ac.ed.ph.aardvark.core.resources.OrganisationTreeSourceNode
166;CLASS;uk.ac.ed.ph.aardvark.processor.util.DefaultTreeNodeNumberingBuilderTest;ADDED*;uk.ac.ed.ph.aardvark.processor.util.AbstractTreeNodeNumberBuilderTest
176;CLASS;uk.ac.ed.ph.aardvark.processor.validator.OrganisationTreeValidatorTest;ADDED*;uk.ac.ed.ph.aardvark.processor.validator.AbstractValidatorTest
176;CLASS;uk.ac.ed.ph.aardvark.processor.validator.AbstractTeX4htValidatorTest;ADDED*;uk.ac.ed.ph.aardvark.processor.validator.AbstractValidatorTest
176;CLASS;uk.ac.ed.ph.aardvark.processor.validator.OrganisationTreeValidationStrategy;ADDED*;uk.ac.ed.ph.aardvark.processor.validator.AbstractValidationStrategy
184;CLASS;uk.ac.ed.ph.aardvark.processor.AbstractDynamicViewStrategy;ADDED*;uk.ac.ed.ph.aardvark.processor.AbstractProcessorStrategy
242;CLASS;uk.ac.ed.ph.aardvark.tools.legacyconversion.LegacyFigureConversionStrategy;ADDED*;uk.ac.ed.ph.aardvark.tools.legacyconversion.LegacyNodeConversionStrategy
242;CLASS;uk.ac.ed.ph.aardvark.tools.legacyconversion.LegacyDefaultConversionStrategy;ADDED*;uk.ac.ed.ph.aardvark.tools.legacyconversion.LegacyNodeConversionStrategy
260;CLASS;uk.ac.ed.ph.aardvark.processor.views.ContentPageWebViewTest;ADDED*;uk.ac.ed.ph.aardvark.processor.views.AbstractViewTest
277;CLASS;uk.ac.ed.ph.aardvark.processor.domain.OpaqueResourceURI;ADDED*;uk.ac.ed.ph.aardvark.processor.domain.ResourceURI
277;CLASS;uk.ac.ed.ph.aardvark.processor.domain.ResourcePathURI;ADDED*;uk.ac.ed.ph.aardvark.processor.domain.HierarchicResourceURI
277;CLASS;uk.ac.ed.ph.aardvark.processor.domain.BadResourceURIException;ADDED*;uk.ac.ed.ph.aardvark.processor.domain.ProcessorException
277;CLASS;uk.ac.ed.ph.aardvark.processor.domain.HierarchicResourceURI;ADDED*;uk.ac.ed.ph.aardvark.processor.domain.ResourceURI
277;CLASS;uk.ac.ed.ph.aardvark.processor.domain.StaticResourceURI;ADDED*;uk.ac.ed.ph.aardvark.processor.domain.HierarchicResourceURI
302;CLASS;uk.ac.ed.ph.aardvark.tools.legacyconversion.LegacyAppletConversionStrategy;ADDED*;uk.ac.ed.ph.aardvark.tools.legacyconversion.LegacyNodeConversionStrategy
306;CLASS;uk.ac.ed.ph.aardvark.core.resources.OrganisationTreeSourceRootNode;ADDED*;uk.ac.ed.ph.aardvark.core.resources.OrganisationTreeNode
306;CLASS;uk.ac.ed.ph.aardvark.core.resources.OrganisationTreeMasterRootNode;ADDED*;uk.ac.ed.ph.aardvark.core.resources.OrganisationTreeSourceNode
353;CLASS;uk.ac.ed.ph.aardvark.tools.legacyconversion.LegacyTutorialQuestionConversionStrategy;ADDED*;uk.ac.ed.ph.aardvark.tools.legacyconversion.LegacyNodeConversionStrategy
354;CLASS;uk.ac.ed.ph.aardvark.processor.validator.TutorialQuestionValidatorTest;ADDED*;uk.ac.ed.ph.aardvark.processor.validator.AbstractTeX4htValidatorTest
354;CLASS;uk.ac.ed.ph.aardvark.processor.validator.TutorialQuestionValidationStrategy;ADDED*;uk.ac.ed.ph.aardvark.processor.validator.AbstractTeX4htValidationStrategy
363;CLASS;uk.ac.ed.ph.aardvark.tools.legacyconversion.LegacyStandardTimeToThinkConversionStrategy;ADDED*;uk.ac.ed.ph.aardvark.tools.legacyconversion.LegacyNodeConversionStrategy
363;CLASS;uk.ac.ed.ph.aardvark.tools.legacyconversion.LegacyBinaryTimeToThinkConversionStrategy;ADDED*;uk.ac.ed.ph.aardvark.tools.legacyconversion.LegacyNodeConversionStrategy
365;CLASS;uk.ac.ed.ph.aardvark.processor.validator.BinaryTimeToThinkValidatorTest;ADDED*;uk.ac.ed.ph.aardvark.processor.validator.AbstractTeX4htValidatorTest
365;CLASS;uk.ac.ed.ph.aardvark.processor.validator.StandardTimeToThinkValidatorTest;ADDED*;uk.ac.ed.ph.aardvark.processor.validator.AbstractTeX4htValidatorTest
365;CLASS;uk.ac.ed.ph.aardvark.processor.validator.StandardTimeToThinkValidationStrategy;ADDED*;uk.ac.ed.ph.aardvark.processor.validator.AbstractTeX4htValidationStrategy
365;CLASS;uk.ac.ed.ph.aardvark.processor.validator.BinaryTimeToThinkValidationStrategy;ADDED*;uk.ac.ed.ph.aardvark.processor.validator.AbstractTeX4htValidationStrategy
407;CLASS;uk.ac.ed.ph.aardvark.gui.docs.MCQDocumentModel;ADDED*;uk.ac.ed.ph.aardvark.gui.docs.AbstractDocumentModel
407;CLASS;uk.ac.ed.ph.aardvark.gui.model.SimpleUndoableComboBoxModel;ADDED*;uk.ac.ed.ph.aardvark.gui.model.SimpleUndoableListModel
420;CLASS;uk.ac.ed.ph.aardvark.processor.validator.DeploymentValidatorTest;ADDED*;uk.ac.ed.ph.aardvark.processor.validator.AbstractValidatorTest
463;CLASS;uk.ac.ed.ph.aardvark.tools.legacyconversion.LegacyContentPageFolderConversionStrategy;ADDED*;uk.ac.ed.ph.aardvark.tools.legacyconversion.LegacyNodeConversionStrategy
464;CLASS;uk.ac.ed.ph.aardvark.processor.validator.LearningOutcomesValidatorTest;ADDED*;uk.ac.ed.ph.aardvark.processor.validator.AbstractTeX4htValidatorTest
464;CLASS;uk.ac.ed.ph.aardvark.processor.validator.LearningOutcomesValidationStrategy;ADDED*;uk.ac.ed.ph.aardvark.processor.validator.AbstractTeX4htValidationStrategy
486;CLASS;uk.ac.ed.ph.aardvark.processor.views.util.OpaqueResourceURIMapper;ADDED*;uk.ac.ed.ph.aardvark.processor.views.util.ResourceURIMapper
499;CLASS;uk.ac.ed.ph.aardvark.gui.action.SessionBrowserFinishEditingAction;ADDED*;uk.ac.ed.ph.aardvark.gui.action.SessionBrowserAction
502;CLASS;uk.ac.ed.ph.aardvark.gui.editor.TutorialQuestionEditor;ADDED*;uk.ac.ed.ph.aardvark.gui.editor.AbstractNodeEditor
521;CLASS;uk.ac.ed.ph.aardvark.gui.action.TreeBrowserMoveNodeUpAction;ADDED*;uk.ac.ed.ph.aardvark.gui.action.TreeBrowserAction
521;CLASS;uk.ac.ed.ph.aardvark.gui.request.MoveNodeRequest;ADDED*;uk.ac.ed.ph.aardvark.gui.request.AbstractServerRequest
521;CLASS;uk.ac.ed.ph.aardvark.gui.action.TreeBrowserMoveNodeDownAction;ADDED*;uk.ac.ed.ph.aardvark.gui.action.TreeBrowserAction
533;CLASS;uk.ac.ed.ph.aardvark.gui.request.CreateNodeRequest;ADDED*;uk.ac.ed.ph.aardvark.gui.request.AbstractServerRequest
533;CLASS;uk.ac.ed.ph.aardvark.gui.action.TreeBrowserCreateNodeAction;ADDED*;uk.ac.ed.ph.aardvark.gui.action.TreeBrowserAction
543;CLASS;uk.ac.ed.ph.aardvark.gui.docs.ContentPageDocumentModel;ADDED*;uk.ac.ed.ph.aardvark.gui.docs.ResourceDocumentModel
543;CLASS;uk.ac.ed.ph.aardvark.gui.editor.ContentPageEditor;ADDED*;uk.ac.ed.ph.aardvark.gui.editor.AbstractNodeEditor
543;CLASS;uk.ac.ed.ph.aardvark.gui.viewer.ContentPagePreviewer;ADDED*;uk.ac.ed.ph.aardvark.gui.viewer.AbstractContentNodePreviewer
551;CLASS;uk.ac.ed.ph.aardvark.gui.viewer.AbstractSimpleNodePreviewer;ADDED*;uk.ac.ed.ph.aardvark.gui.viewer.AbstractContentNodePreviewer
565;CLASS;uk.ac.ed.ph.aardvark.cms.domain.transport.NodeEditingStateLookup;ADDED*;uk.ac.ed.ph.aardvark.cms.domain.transport.NodeEditingState
565;CLASS;uk.ac.ed.ph.aardvark.cms.editing.FigureEditingStrategy;ADDED*;uk.ac.ed.ph.aardvark.cms.editing.DefaultEditingStrategy
576;CLASS;uk.ac.ed.ph.aardvark.gui.action.TreeBrowserOpenInBrowserAction;ADDED*;uk.ac.ed.ph.aardvark.gui.action.TreeBrowserAction
651;CLASS;uk.ac.ed.ph.aardvark.processor.validator.WorkshopValidatorTest;ADDED*;uk.ac.ed.ph.aardvark.processor.validator.AbstractTeX4htValidatorTest
651;CLASS;uk.ac.ed.ph.aardvark.processor.validator.WorkshopValidationStrategy;ADDED*;uk.ac.ed.ph.aardvark.processor.validator.AbstractTeX4htValidationStrategy
673;CLASS;uk.ac.ed.ph.aardvark.processor.views.OrganisationTreeWebIndexViewStrategy;ADDED*;uk.ac.ed.ph.aardvark.processor.views.OrganisationTreeWebNavigationViewStrategy
673;CLASS;uk.ac.ed.ph.aardvark.processor.views.DeploymentDOHPIndexViewStrategy;ADDED*;uk.ac.ed.ph.aardvark.processor.views.DeploymentWebIndexViewStrategy
689;CLASS;uk.ac.ed.ph.aardvark.gui.action.TreeBrowserDeleteNodeAction;ADDED*;uk.ac.ed.ph.aardvark.gui.action.TreeBrowserAction
689;CLASS;uk.ac.ed.ph.aardvark.gui.request.DownloadResourceRequest;ADDED*;uk.ac.ed.ph.aardvark.gui.request.AbstractServerRequest
689;CLASS;uk.ac.ed.ph.aardvark.gui.request.GetStoredResourcePathsRequest;ADDED*;uk.ac.ed.ph.aardvark.gui.request.AbstractServerRequest
689;CLASS;uk.ac.ed.ph.aardvark.gui.request.DeleteNodeRequest;ADDED*;uk.ac.ed.ph.aardvark.gui.request.AbstractServerRequest
689;CLASS;uk.ac.ed.ph.aardvark.gui.action.TreeBrowserExportResourceAction;ADDED*;uk.ac.ed.ph.aardvark.gui.action.TreeBrowserAction
695;CLASS;uk.ac.ed.ph.aardvark.gui.action.TreeBrowserImportResourceAction;ADDED*;uk.ac.ed.ph.aardvark.gui.action.TreeBrowserAction
695;CLASS;uk.ac.ed.ph.aardvark.gui.request.UploadResourceRequest;ADDED*;uk.ac.ed.ph.aardvark.gui.request.AbstractServerRequest
716;CLASS;uk.ac.ed.ph.aardvark.commons.databinding.DefaultReaderStrategy;ADDED*;uk.ac.ed.ph.aardvark.commons.databinding.SimpleReaderStrategy
757;CLASS;uk.ac.ed.ph.aardvark.webapp.DispatcherServlet;ADDED*;uk.ac.ed.ph.aardvark.webapp.DispatcherServlet
764;CLASS;uk.ac.ed.ph.aardvark.cms.internal.ContentManagerImplCommitTest;ADDED*;uk.ac.ed.ph.aardvark.cms.internal.AbstractContentManagerImplTest
780;CLASS;uk.ac.ed.ph.aardvark.cms.domain.EditableNodeMetadata;ADDED*;uk.ac.ed.ph.aardvark.cms.domain.CoreNodeMetadata
783;CLASS;uk.ac.ed.ph.aardvark.cms.internal.ContentManagerImplCheckinTest;ADDED*;uk.ac.ed.ph.aardvark.cms.internal.AbstractContentManagerImplCommitTest
783;CLASS;uk.ac.ed.ph.aardvark.cms.internal.AbstractContentManagerImplCommitTest;ADDED*;uk.ac.ed.ph.aardvark.cms.internal.AbstractContentManagerImplTest
855;CLASS;uk.ac.ed.ph.aardvark.gui.action.ExtraTextComponentGotoLineAction;ADDED*;uk.ac.ed.ph.aardvark.gui.action.ExtraTextComponentAction
918;CLASS;uk.ac.ed.ph.aardvark.swingui.util.SimpleUndoableComboBoxModel;ADDED*;uk.ac.ed.ph.aardvark.swingui.util.SimpleUndoableListModel
919;CLASS;uk.ac.ed.ph.aardvark.swingui.model.ContentModelTest;ADDED*;uk.ac.ed.ph.aardvark.swingui.model.AbstractContentModelTest
919;CLASS;uk.ac.ed.ph.aardvark.swingui.request.GetChildrenMetadataRequest;ADDED*;uk.ac.ed.ph.aardvark.swingui.request.AbstractServerRequest
919;CLASS;uk.ac.ed.ph.aardvark.swingui.TreeBrowser;ADDED*;uk.ac.ed.ph.aardvark.swingui.AbstractApplicationPanel
919;CLASS;uk.ac.ed.ph.aardvark.swingui.event.ServerRequestEvent;ADDED*;uk.ac.ed.ph.aardvark.swingui.event.ApplicationEvent
919;CLASS;uk.ac.ed.ph.aardvark.swingui.action.TreeBrowserNullAction;ADDED*;uk.ac.ed.ph.aardvark.swingui.action.TreeBrowserAction
919;CLASS;uk.ac.ed.ph.aardvark.swingui.action.TreeBrowserExpandAction;ADDED*;uk.ac.ed.ph.aardvark.swingui.action.TreeBrowserAction
930;CLASS;uk.ac.ed.ph.aardvark.swingui.event.CompoundServerRequestEvent;ADDED*;uk.ac.ed.ph.aardvark.swingui.event.ApplicationEvent
939;CLASS;uk.ac.ed.ph.aardvark.swingui.action.NodeMoveUpAction;ADDED*;uk.ac.ed.ph.aardvark.swingui.action.NodeAction
939;CLASS;uk.ac.ed.ph.aardvark.swingui.request.MoveNodeInSiblingsRequest;ADDED*;uk.ac.ed.ph.aardvark.swingui.request.AbstractServerRequest
943;CLASS;uk.ac.ed.ph.aardvark.swingui.action.NodeDeleteActionTest;ADDED*;uk.ac.ed.ph.aardvark.swingui.action.AbstractNodeActionTest
943;CLASS;uk.ac.ed.ph.aardvark.swingui.request.DeleteNodeRequest;ADDED*;uk.ac.ed.ph.aardvark.swingui.request.AbstractServerRequest
943;CLASS;uk.ac.ed.ph.aardvark.swingui.action.NodeMoveDownActionTest;ADDED*;uk.ac.ed.ph.aardvark.swingui.action.AbstractNodeActionTest
953;CLASS;uk.ac.ed.ph.aardvark.swingui.model.docs.MetadataDocumentModel;ADDED*;uk.ac.ed.ph.aardvark.swingui.model.docs.AbstractDocumentModel
953;CLASS;uk.ac.ed.ph.aardvark.swingui.model.docs.MCQDocumentModel;ADDED*;uk.ac.ed.ph.aardvark.swingui.model.docs.ResourceDocumentModel
953;CLASS;uk.ac.ed.ph.aardvark.swingui.model.docs.TutorialQuestionDocumentModel;ADDED*;uk.ac.ed.ph.aardvark.swingui.model.docs.ResourceDocumentModel
953;CLASS;uk.ac.ed.ph.aardvark.swingui.model.docs.ResourceDocumentModel;ADDED*;uk.ac.ed.ph.aardvark.swingui.model.docs.AbstractDocumentModel
953;CLASS;uk.ac.ed.ph.aardvark.swingui.model.docs.ContentPageDocumentModel;ADDED*;uk.ac.ed.ph.aardvark.swingui.model.docs.ResourceDocumentModel
955;CLASS;uk.ac.ed.ph.aardvark.swingui.request.GetEditingModelRequest;ADDED*;uk.ac.ed.ph.aardvark.swingui.request.AbstractServerRequest
955;CLASS;uk.ac.ed.ph.aardvark.swingui.request.CheckoutNodeRequest;ADDED*;uk.ac.ed.ph.aardvark.swingui.request.AbstractServerRequest
955;CLASS;uk.ac.ed.ph.aardvark.swingui.action.NodeCheckoutActionTest;ADDED*;uk.ac.ed.ph.aardvark.swingui.action.AbstractNodeActionTest
963;CLASS;uk.ac.ed.ph.aardvark.swingui.model.docs.ResourcesDocumentModel;ADDED*;uk.ac.ed.ph.aardvark.swingui.model.docs.AbstractDocumentModel
963;CLASS;uk.ac.ed.ph.aardvark.swingui.model.AbstractEditableDataModel;ADDED*;uk.ac.ed.ph.aardvark.swingui.model.AbstractNodeDataModel
969;CLASS;uk.ac.ed.ph.aardvark.swingui.request.DeleteNodeRequestTest;ADDED*;uk.ac.ed.ph.aardvark.swingui.request.AbstractRequestTest
972;CLASS;uk.ac.ed.ph.aardvark.swingui.util.EnumComboBoxModel;ADDED*;uk.ac.ed.ph.aardvark.swingui.util.SimpleUndoableComboBoxModel
985;CLASS;uk.ac.ed.ph.aardvark.swingui.request.InitialDownloadRequest;ADDED*;uk.ac.ed.ph.aardvark.swingui.request.AbstractServerRequest
991;CLASS;uk.ac.ed.ph.aardvark.swingui.request.UploadResourceRequest;ADDED*;uk.ac.ed.ph.aardvark.swingui.request.AbstractServerRequest
991;CLASS;uk.ac.ed.ph.aardvark.swingui.request.DownloadResourceRequest;ADDED*;uk.ac.ed.ph.aardvark.swingui.request.AbstractServerRequest
991;CLASS;uk.ac.ed.ph.aardvark.swingui.request.CheckinNodeRequest;ADDED*;uk.ac.ed.ph.aardvark.swingui.request.AbstractServerRequest
1007;CLASS;uk.ac.ed.ph.aardvark.swingui.AbstractNodeDisplayingPanel;ADDED*;uk.ac.ed.ph.aardvark.swingui.AbstractApplicationPanel
1009;CLASS;uk.ac.ed.ph.aardvark.swingui.util.SourceCodeTextArea;ADDED*;uk.ac.ed.ph.aardvark.swingui.util.DisplayTextArea
1020;CLASS;uk.ac.ed.ph.aardvark.swingui.request.GetChildrenMetadataRequestTest;ADDED*;uk.ac.ed.ph.aardvark.swingui.request.AbstractRequestTest
1043;CLASS;uk.ac.ed.ph.aardvark.swingui.NodeViewContainerPanel;ADDED*;uk.ac.ed.ph.aardvark.swingui.AbstractNodeDisplayingPanel
1050;CLASS;uk.ac.ed.ph.aardvark.swingui.components.LinkedFullNodeMetadataPanel;ADDED*;uk.ac.ed.ph.aardvark.swingui.components.FullNodeMetadataPanel
1054;CLASS;uk.ac.ed.ph.aardvark.swingui.action.NodeSaveEditsAction;ADDED*;uk.ac.ed.ph.aardvark.swingui.action.NodeAction
1054;CLASS;uk.ac.ed.ph.aardvark.swingui.request.SaveEditsRequest;ADDED*;uk.ac.ed.ph.aardvark.swingui.request.AbstractServerRequest
1056;CLASS;uk.ac.ed.ph.aardvark.swingui.action.NodeExportResourceAction;ADDED*;uk.ac.ed.ph.aardvark.swingui.action.NodeAction
1058;CLASS;uk.ac.ed.ph.aardvark.swingui.action.NodeImportResourceAction;ADDED*;uk.ac.ed.ph.aardvark.swingui.action.NodeAction
1060;CLASS;uk.ac.ed.ph.aardvark.swingui.request.NodeSelectionCallback;ADDED*;uk.ac.ed.ph.aardvark.swingui.request.StandardFailureCallback
1061;CLASS;uk.ac.ed.ph.aardvark.swingui.request.ReloadBranchRequest;ADDED*;uk.ac.ed.ph.aardvark.swingui.request.AbstractServerRequest
1061;CLASS;uk.ac.ed.ph.aardvark.swingui.action.NodeReloadAction;ADDED*;uk.ac.ed.ph.aardvark.swingui.action.NodeAction
1064;CLASS;uk.ac.ed.ph.aardvark.swingui.NodeResourcesPanel;ADDED*;uk.ac.ed.ph.aardvark.swingui.AbstractNodeDisplayingPanel
1074;CLASS;uk.ac.ed.ph.aardvark.cms.internal.AbstractContentManagerImplWorkspaceTest;ADDED*;uk.ac.ed.ph.aardvark.cms.internal.AbstractContentManagerImplTest
1074;CLASS;uk.ac.ed.ph.aardvark.cms.internal.ContentManagerImplAbandonEditsTest;ADDED*;uk.ac.ed.ph.aardvark.cms.internal.AbstractContentManagerImplWorkspaceTest
1075;CLASS;uk.ac.ed.ph.aardvark.swingui.request.AbandonEditsRequest;ADDED*;uk.ac.ed.ph.aardvark.swingui.request.AbstractServerRequest
1075;CLASS;uk.ac.ed.ph.aardvark.swingui.action.NodeAbandonEditsAction;ADDED*;uk.ac.ed.ph.aardvark.swingui.action.NodeAction
1084;CLASS;uk.ac.ed.ph.aardvark.swingui.request.RenameNodeRequest;ADDED*;uk.ac.ed.ph.aardvark.swingui.request.AbstractServerRequest
1084;CLASS;uk.ac.ed.ph.aardvark.swingui.action.NodeRenameAction;ADDED*;uk.ac.ed.ph.aardvark.swingui.action.NodeAction
1094;CLASS;uk.ac.ed.ph.aardvark.swingui.model.docs.MetadataTemplateDocumentModel;ADDED*;uk.ac.ed.ph.aardvark.swingui.model.docs.AbstractDocumentModel
1097;CLASS;uk.ac.ed.ph.aardvark.swingui.action.NodeCreateAction;ADDED*;uk.ac.ed.ph.aardvark.swingui.action.NodeAction
1097;CLASS;uk.ac.ed.ph.aardvark.swingui.request.CreateNodeRequest;ADDED*;uk.ac.ed.ph.aardvark.swingui.request.AbstractServerRequest
1097;CLASS;uk.ac.ed.ph.aardvark.swingui.request.SuggestNodeLinkIdRequest;ADDED*;uk.ac.ed.ph.aardvark.swingui.request.AbstractServerRequest
1101;CLASS;uk.ac.ed.ph.aardvark.swingui.action.NodeSaveAllEditsAction;ADDED*;uk.ac.ed.ph.aardvark.swingui.action.NodeAction
1107;CLASS;uk.ac.ed.ph.aardvark.swingui.action.NodeValidateAction;ADDED*;uk.ac.ed.ph.aardvark.swingui.action.NodeAction
1107;CLASS;uk.ac.ed.ph.aardvark.swingui.NodeValidatorPanel;ADDED*;uk.ac.ed.ph.aardvark.swingui.AbstractNodeDisplayingPanel
1107;CLASS;uk.ac.ed.ph.aardvark.swingui.request.ValidateNodeRequest;ADDED*;uk.ac.ed.ph.aardvark.swingui.request.AbstractServerRequest
1112;CLASS;uk.ac.ed.ph.aardvark.swingui.util.AbstractUndoableModel;ADDED*;uk.ac.ed.ph.aardvark.swingui.util.AbstractModel
1113;CLASS;uk.ac.ed.ph.aardvark.processor.domain.RemoteResourceResult;ADDED*;uk.ac.ed.ph.aardvark.processor.domain.ProcessorResult
1118;CLASS;uk.ac.ed.ph.aardvark.swingui.request.GetSubtreeMetadataRequest;ADDED*;uk.ac.ed.ph.aardvark.swingui.request.AbstractServerRequest
1118;CLASS;uk.ac.ed.ph.aardvark.swingui.request.GetDynamicResourceRequest;ADDED*;uk.ac.ed.ph.aardvark.swingui.request.AbstractServerRequest
1118;CLASS;uk.ac.ed.ph.aardvark.swingui.util.FigureSelectionModel;ADDED*;uk.ac.ed.ph.aardvark.swingui.util.AbstractUndoableModel
1157;CLASS;uk.ac.ed.ph.aardvark.swingui.action.EditorUndoAction;ADDED*;uk.ac.ed.ph.aardvark.swingui.action.EditorAction
1157;CLASS;uk.ac.ed.ph.aardvark.swingui.action.EditorRedoAction;ADDED*;uk.ac.ed.ph.aardvark.swingui.action.EditorAction
1159;CLASS;uk.ac.ed.ph.aardvark.swingui.AbstractNodeEditingPanel;ADDED*;uk.ac.ed.ph.aardvark.swingui.AbstractNodeDisplayingPanel
1167;CLASS;uk.ac.ed.ph.aardvark.swingui.request.GetHistoryMetadataRequest;ADDED*;uk.ac.ed.ph.aardvark.swingui.request.AbstractServerRequest
1172;CLASS;uk.ac.ed.ph.aardvark.swingui.NodeAuditingMetadataPanel;ADDED*;uk.ac.ed.ph.aardvark.swingui.AbstractNodeEditingPanel
1208;CLASS;uk.ac.ed.ph.aardvark.swingui.NodeActionSuggestionsPanel;ADDED*;uk.ac.ed.ph.aardvark.swingui.AbstractNodeDisplayingPanel
1218;CLASS;uk.ac.ed.ph.aardvark.swingui.model.bundling.TextBundlingStrategy;ADDED*;uk.ac.ed.ph.aardvark.swingui.model.bundling.AbstractTextBundlingStrategy
1218;CLASS;uk.ac.ed.ph.aardvark.cms.editing.AbstractSimpleBinaryEditingStrategy;ADDED*;uk.ac.ed.ph.aardvark.cms.editing.DefaultEditingStrategy
1218;CLASS;uk.ac.ed.ph.aardvark.swingui.model.docs.TextDocumentModel;ADDED*;uk.ac.ed.ph.aardvark.swingui.model.docs.ResourcesDocumentModel
1218;CLASS;uk.ac.ed.ph.aardvark.swingui.model.bundling.HTMLBundlingStrategy;ADDED*;uk.ac.ed.ph.aardvark.swingui.model.bundling.AbstractTextBundlingStrategy
1218;CLASS;uk.ac.ed.ph.aardvark.cms.editing.AbstractSimpleTextEditingStrategy;ADDED*;uk.ac.ed.ph.aardvark.cms.editing.DefaultEditingStrategy
1222;CLASS;uk.ac.ed.ph.aardvark.swingui.AbstractNodeViewPanel;ADDED*;uk.ac.ed.ph.aardvark.swingui.AbstractNodeDisplayingPanel
1247;CLASS;uk.ac.ed.ph.aardvark.swingui.model.docs.BinaryDocumentModel;ADDED*;uk.ac.ed.ph.aardvark.swingui.model.docs.ResourcesDocumentModel
1247;CLASS;uk.ac.ed.ph.aardvark.swingui.model.bundling.GIFBundlingStrategy;ADDED*;uk.ac.ed.ph.aardvark.swingui.model.bundling.AbstractBinaryBundlingStrategy
1247;CLASS;uk.ac.ed.ph.aardvark.swingui.model.bundling.JPEGBundlingStrategy;ADDED*;uk.ac.ed.ph.aardvark.swingui.model.bundling.AbstractBinaryBundlingStrategy
1263;CLASS;uk.ac.ed.ph.aardvark.processor.domain.NodeValidationResult;ADDED*;uk.ac.ed.ph.aardvark.processor.domain.ProcessorResult
1263;CLASS;uk.ac.ed.ph.aardvark.processor.internal.AbstractValidationStrategy;ADDED*;uk.ac.ed.ph.aardvark.processor.internal.AbstractProcessorStrategy
1263;CLASS;uk.ac.ed.ph.aardvark.processor.internal.AbstractDynamicViewStrategy;ADDED*;uk.ac.ed.ph.aardvark.processor.internal.AbstractProcessorStrategy
1273;CLASS;uk.ac.ed.ph.aardvark.processor.validator.TeX4htMathOutputTestCase;ADDED*;uk.ac.ed.ph.aardvark.processor.validator.TeX4htValidationTestCase
1301;CLASS;uk.ac.ed.ph.aardvark.swingui.action.NodePreviewAction;ADDED*;uk.ac.ed.ph.aardvark.swingui.action.NodeAction
1429;CLASS;uk.ac.ed.ph.aardvark.processor.views.FigureDynamicViewStrategy;ADDED*;uk.ac.ed.ph.aardvark.processor.views.AbstractImageMagickViewStrategy
1429;CLASS;uk.ac.ed.ph.aardvark.processor.views.ImageDynamicViewStrategy;ADDED*;uk.ac.ed.ph.aardvark.processor.views.AbstractImageMagickViewStrategy
1429;CLASS;uk.ac.ed.ph.aardvark.swingui.model.bundling.PNGBundlingStrategy;ADDED*;uk.ac.ed.ph.aardvark.swingui.model.bundling.AbstractBinaryBundlingStrategy
1439;CLASS;uk.ac.ed.ph.aardvark.processor.domain.SourceResourceURI;ADDED*;uk.ac.ed.ph.aardvark.processor.domain.HierarchicResourceURI
1445;CLASS;uk.ac.ed.ph.aardvark.processor.views.SVGViewsTest;ADDED*;uk.ac.ed.ph.aardvark.processor.views.AbstractViewTest
1473;CLASS;uk.ac.ed.ph.aardvark.processor.views.SimpleTextNodeWebViewStrategy;ADDED*;uk.ac.ed.ph.aardvark.processor.views.AbstractTextNodeWebViewStrategy
1476;CLASS;uk.ac.ed.ph.aardvark.processor.validator.CheckpointValidationStrategy;ADDED*;uk.ac.ed.ph.aardvark.processor.validator.AbstractTeX4htValidationStrategy
1476;CLASS;uk.ac.ed.ph.aardvark.processor.views.CheckpointViewsTest;ADDED*;uk.ac.ed.ph.aardvark.processor.views.AbstractViewTest
1476;CLASS;uk.ac.ed.ph.aardvark.processor.validator.CheckpointValidatorTest;ADDED*;uk.ac.ed.ph.aardvark.processor.validator.AbstractTeX4htValidatorTest
1508;CLASS;uk.ac.ed.ph.aardvark.cms.internal.jdbc.DatabaseMetadataSearcher;ADDED*;uk.ac.ed.ph.aardvark.cms.internal.jdbc.AbstractDatabaseBean
1543;CLASS;uk.ac.ed.ph.aardvark.processor.views.NodeWebPreviewViewStrategy;ADDED*;uk.ac.ed.ph.aardvark.processor.views.AbstractNodeWebViewStrategy
1673;CLASS;uk.ac.ed.ph.aardvark.cms.domain.search.AndCondition;ADDED*;uk.ac.ed.ph.aardvark.cms.domain.search.AbstractCompositeCondition
1673;CLASS;uk.ac.ed.ph.aardvark.cms.domain.search.OrCondition;ADDED*;uk.ac.ed.ph.aardvark.cms.domain.search.AbstractCompositeCondition
1762;CLASS;uk.ac.ed.ph.aardvark.processor.views.GIFViewsTest;ADDED*;uk.ac.ed.ph.aardvark.processor.views.AbstractViewTest
1762;CLASS;uk.ac.ed.ph.aardvark.processor.views.JPEGViewsTest;ADDED*;uk.ac.ed.ph.aardvark.processor.views.AbstractViewTest
1762;CLASS;uk.ac.ed.ph.aardvark.processor.views.PNGViewsTest;ADDED*;uk.ac.ed.ph.aardvark.processor.views.AbstractViewTest
1780;CLASS;uk.ac.ed.ph.aardvark.processor.views.util.LinkFixerAndRelativiser;ADDED*;uk.ac.ed.ph.aardvark.processor.views.util.AbstractLinkFixer
1873;CLASS;uk.ac.ed.ph.aardvark.processor.framework.DefaultNodeInformationResolver;ADDED*;uk.ac.ed.ph.aardvark.processor.framework.RequestScopedHelper
1873;CLASS;uk.ac.ed.ph.aardvark.processor.views.DeploymentWebTopPageViewStrategy;ADDED*;uk.ac.ed.ph.aardvark.processor.views.AbstractDeploymentInnerNodeViewStrategy
1874;CLASS;uk.ac.ed.ph.aardvark.processor.views.DeploymentDOHPBundlerViewStrategy;ADDED*;uk.ac.ed.ph.aardvark.processor.views.AbstractDeploymentBundlerViewStrategy
1904;CLASS;uk.ac.ed.ph.aardvark.cms.internal.ContentManagerImplDeepCopyTest;ADDED*;uk.ac.ed.ph.aardvark.cms.internal.AbstractContentManagerImplTest
1904;CLASS;uk.ac.ed.ph.aardvark.cms.internal.ContentManagerImplCopyTest;ADDED*;uk.ac.ed.ph.aardvark.cms.internal.AbstractContentManagerImplTest
1904;CLASS;uk.ac.ed.ph.aardvark.cms.internal.ContentManagerImplMoveTest;ADDED*;uk.ac.ed.ph.aardvark.cms.internal.AbstractContentManagerImplTest
1908;CLASS;uk.ac.ed.ph.aardvark.cms.internal.ContentManagerImplDeleteNodeTest;ADDED*;uk.ac.ed.ph.aardvark.cms.internal.AbstractContentManagerImplTest
1909;CLASS;uk.ac.ed.ph.aardvark.cms.internal.ContentManagerImplCreateNodeTest;ADDED*;uk.ac.ed.ph.aardvark.cms.internal.AbstractContentManagerImplTest
1915;CLASS;uk.ac.ed.ph.aardvark.cms.internal.ContentManagerImplDepGraphsTest;ADDED*;uk.ac.ed.ph.aardvark.cms.internal.AbstractContentManagerImplTest
1923;CLASS;uk.ac.ed.ph.aardvark.processor.domain.CMSResourceURI;ADDED*;uk.ac.ed.ph.aardvark.processor.domain.HierarchicResourceURI
1927;CLASS;uk.ac.ed.ph.aardvark.processor.framework.NodeDependencyHelper;ADDED*;uk.ac.ed.ph.aardvark.processor.framework.RequestScopedHelper
1950;CLASS;uk.ac.ed.ph.aardvark.processor.ProcessorDeadlockException;ADDED*;uk.ac.ed.ph.aardvark.processor.ProcessorException
1979;CLASS;uk.ac.ed.ph.aardvark.cms.ContentEditorException;ADDED*;uk.ac.ed.ph.aardvark.cms.ContentManagerException
1996;CLASS;uk.ac.ed.ph.aardvark.processor.views.DeploymentPaperPDFViewStrategy;ADDED*;uk.ac.ed.ph.aardvark.processor.views.NodePaperPDFViewStrategy
1997;CLASS;uk.ac.ed.ph.aardvark.cms.ContentManagerConfigurationException;ADDED*;uk.ac.ed.ph.aardvark.cms.ContentManagerException
2000;CLASS;uk.ac.ed.ph.aardvark.swingui.action.NewFrameAction;ADDED*;uk.ac.ed.ph.aardvark.swingui.action.NodeAction
2010;CLASS;uk.ac.ed.ph.aardvark.swingui.AbstractStandaloneUIController;ADDED*;uk.ac.ed.ph.aardvark.swingui.AbstractSwingUIController
2070;CLASS;uk.ac.ed.ph.aardvark.processor.domain.ResourceJobToken;ADDED*;uk.ac.ed.ph.aardvark.processor.domain.ProcessorJobToken
2070;CLASS;uk.ac.ed.ph.aardvark.processor.domain.NodeValidationJobToken;ADDED*;uk.ac.ed.ph.aardvark.processor.domain.ProcessorJobToken
2070;CLASS;uk.ac.ed.ph.aardvark.webapp.processor.AbstractResourceServlet;ADDED*;uk.ac.ed.ph.aardvark.webapp.processor.AbstractProcessorServlet
2070;CLASS;uk.ac.ed.ph.aardvark.webapp.processor.ResourceProgressServlet;ADDED*;uk.ac.ed.ph.aardvark.webapp.processor.AbstractResourceServlet
2088;CLASS;uk.ac.ed.ph.aardvark.swingui.action.TreeBrowserSelectNodeAction;ADDED*;uk.ac.ed.ph.aardvark.swingui.action.TreeBrowserAction
2088;CLASS;uk.ac.ed.ph.aardvark.swingui.action.ReuseFrameAction;ADDED*;uk.ac.ed.ph.aardvark.swingui.action.NodeAction
2109;CLASS;uk.ac.ed.ph.aardvark.webapp.processor.AbstractResourcePathInfoServlet;ADDED*;uk.ac.ed.ph.aardvark.webapp.processor.AbstractProcessorServlet
2219;CLASS;uk.ac.ed.ph.aardvark.swingui.action.ProxyAction;ADDED*;uk.ac.ed.ph.aardvark.swingui.action.AbstractApplicationAction
2219;CLASS;uk.ac.ed.ph.aardvark.swingui.action.editor.AbstractEditorUndoRedoAction;ADDED*;uk.ac.ed.ph.aardvark.swingui.action.editor.EditorAction
2274;CLASS;uk.ac.ed.ph.aardvark.processor.views.util.AbstractZipBuildingNodeVisitor;ADDED*;uk.ac.ed.ph.aardvark.processor.views.util.AbstractNodeVisitor
2299;CLASS;uk.ac.ed.ph.aardvark.swingui.model.docs.StandardTimeToThinkDocumentModel;ADDED*;uk.ac.ed.ph.aardvark.swingui.model.docs.ResourcesDocumentModel
2299;CLASS;uk.ac.ed.ph.aardvark.swingui.model.docs.BinaryTimeToThinkDocumentModel;ADDED*;uk.ac.ed.ph.aardvark.swingui.model.docs.ResourcesDocumentModel
2346;CLASS;uk.ac.ed.ph.aardvark.swingui.action.text.CodeEditorGotoLineAction;ADDED*;uk.ac.ed.ph.aardvark.swingui.action.text.CodeEditorAction
2360;CLASS;uk.ac.ed.ph.aardvark.processor.views.NodeSlideshowViewStrategy;ADDED*;uk.ac.ed.ph.aardvark.processor.views.AbstractNodeWebViewStrategy
2363;CLASS;uk.ac.ed.ph.aardvark.processor.views.LearningOutcomesViewsTest;ADDED*;uk.ac.ed.ph.aardvark.processor.views.AbstractViewTest
2365;CLASS;uk.ac.ed.ph.aardvark.processor.views.DeploymentSlideshowFramelessViewStrategy;ADDED*;uk.ac.ed.ph.aardvark.processor.views.DeploymentWebFramelessViewStrategy
2365;CLASS;uk.ac.ed.ph.aardvark.processor.views.DeploymentSlideshowBundlerViewStrategy;ADDED*;uk.ac.ed.ph.aardvark.processor.views.AbstractDeploymentBundlerViewStrategy
2433;CLASS;uk.ac.ed.ph.aardvark.webapp.mvc.models.MoveNodeCommand;ADDED*;uk.ac.ed.ph.aardvark.webapp.mvc.models.AbstractRunAsUserCommand
2433;CLASS;uk.ac.ed.ph.aardvark.webapp.mvc.controllers.MoveNodeController;ADDED*;uk.ac.ed.ph.aardvark.webapp.mvc.controllers.AbstractRunAsUserFormController
2457;CLASS;uk.ac.ed.ph.aardvark.cms.internal.ContentEditorImplSearchAndReplaceTest;ADDED*;uk.ac.ed.ph.aardvark.cms.internal.AbstractContentEditorImplTest
2457;CLASS;uk.ac.ed.ph.aardvark.webapp.mvc.controllers.SearchAndReplaceController;ADDED*;uk.ac.ed.ph.aardvark.webapp.mvc.controllers.AbstractRunAsUserFormController
2457;CLASS;uk.ac.ed.ph.aardvark.webapp.mvc.models.SearchAndReplaceCommand;ADDED*;uk.ac.ed.ph.aardvark.webapp.mvc.models.AbstractRunAsUserCommand
2483;CLASS;uk.ac.ed.ph.aardvark.webapp.FakeAuthenticationFilter;ADDED*;uk.ac.ed.ph.aardvark.webapp.AbstractAuthenticationFilter
2483;CLASS;uk.ac.ed.ph.aardvark.webapp.FormAuthenticationFilter;ADDED*;uk.ac.ed.ph.aardvark.webapp.AbstractAuthenticationFilter
2486;CLASS;uk.ac.ed.ph.aardvark.netclient.FrontEndCosignAuthenticationHandler;ADDED*;uk.ac.ed.ph.aardvark.netclient.AbstractAuthenticationHandler
2486;CLASS;uk.ac.ed.ph.aardvark.netclient.FormAuthenticationHandler;ADDED*;uk.ac.ed.ph.aardvark.netclient.AbstractAuthenticationHandler
2486;CLASS;uk.ac.ed.ph.aardvark.webapp.FrontEndCosignAuthenticationFilter;ADDED*;uk.ac.ed.ph.aardvark.webapp.AbstractAuthenticationFilter
2486;CLASS;uk.ac.ed.ph.aardvark.netclient.FakeAuthenticationHandler;ADDED*;uk.ac.ed.ph.aardvark.netclient.AbstractAuthenticationHandler
2539;CLASS;uk.ac.ed.ph.aardvark.swingui.request.GetUsersRequest;ADDED*;uk.ac.ed.ph.aardvark.swingui.request.AbstractServerRequest
2557;CLASS;uk.ac.ed.ph.aardvark.swingui.editors.JavaEditorPanel;ADDED*;uk.ac.ed.ph.aardvark.swingui.editors.AbstractTextEditorPanel
2557;CLASS;uk.ac.ed.ph.aardvark.swingui.model.docs.CheckpointDocumentModel;ADDED*;uk.ac.ed.ph.aardvark.swingui.model.docs.ResourcesDocumentModel
2557;CLASS;uk.ac.ed.ph.aardvark.swingui.model.bundling.JavaBundlingStrategy;ADDED*;uk.ac.ed.ph.aardvark.swingui.model.bundling.AbstractTextBundlingStrategy
2569;CLASS;uk.ac.ed.ph.aardvark.swingui.util.AbstractListTableManager;ADDED*;uk.ac.ed.ph.aardvark.swingui.util.AbstractModel
2570;CLASS;uk.ac.ed.ph.aardvark.swingui.model.docs.LearningOutcomesDocumentModel;ADDED*;uk.ac.ed.ph.aardvark.swingui.model.docs.ResourcesDocumentModel
2587;CLASS;uk.ac.ed.ph.aardvark.cms.readers.CharBufferPipingReaderCallback;ADDED*;uk.ac.ed.ph.aardvark.cms.readers.ByteBufferPipingReaderCallback
2605;CLASS;uk.ac.ed.ph.aardvark.processor.views.CoreContentNodeWebMathMLViewStrategy;ADDED*;uk.ac.ed.ph.aardvark.processor.views.AbstractCoreContentNodeWebViewStrategy
2605;CLASS;uk.ac.ed.ph.aardvark.processor.views.CoreContentNodeWebCompatViewStrategy;ADDED*;uk.ac.ed.ph.aardvark.processor.views.AbstractCoreContentNodeWebViewStrategy
2605;CLASS;uk.ac.ed.ph.aardvark.processor.views.TextualNodeWebViewStrategy;ADDED*;uk.ac.ed.ph.aardvark.processor.views.AbstractNonCoreContentNodeWebViewStrategy
2630;CLASS;uk.ac.ed.ph.aardvark.processor.validator.QuestionBundleValidatorTest;ADDED*;uk.ac.ed.ph.aardvark.processor.validator.AbstractValidatorTest
2649;CLASS;uk.ac.ed.ph.aardvark.processor.views.QuestionBundleViewsTest;ADDED*;uk.ac.ed.ph.aardvark.processor.views.AbstractViewTest
2655;CLASS;uk.ac.ed.ph.aardvark.processor.views.export.Depth1ResourceLinkFixupStrategy;ADDED*;uk.ac.ed.ph.aardvark.processor.views.export.AbstractFlatteningResourceLinkFixupStrategy
2664;CLASS;uk.ac.ed.ph.aardvark.processor.views.serializers.XMLExportPipelineSerializerTemplate;ADDED*;uk.ac.ed.ph.aardvark.processor.views.serializers.DefaultXMLPipelineSerializerTemplate
2708;CLASS;uk.ac.ed.ph.aardvark.processor.views.export.AbstractRespondusContentPackageBuilder;ADDED*;uk.ac.ed.ph.aardvark.processor.views.export.AbstractIMSContentPackageBuilder
2722;CLASS;uk.ac.ed.ph.aardvark.commons.xml.TextElementURIMapper;ADDED*;uk.ac.ed.ph.aardvark.commons.xml.URIMappingFilter
2725;CLASS;uk.ac.ed.ph.aardvark.commons.xml.StatefulFilter;ADDED*;uk.ac.ed.ph.aardvark.commons.xml.XMLLexicalFilterImpl
2725;CLASS;uk.ac.ed.ph.aardvark.commons.xml.MappingFilter;ADDED*;uk.ac.ed.ph.aardvark.commons.xml.StatefulFilter
2746;CLASS;uk.ac.ed.ph.aardvark.processor.validator.AbstractSingleSourceSnuggleTeXValidationStrategy;ADDED*;uk.ac.ed.ph.aardvark.processor.validator.AbstractSnuggleTeXValidationStrategy
2746;CLASS;uk.ac.ed.ph.aardvark.processor.validator.AbstractSnuggleTeXValidatorTest;ADDED*;uk.ac.ed.ph.aardvark.processor.validator.AbstractValidatorTest
2838;CLASS;uk.ac.ed.ph.aardvark.swingui.request.AbstractGetDynamicResourceRequest;ADDED*;uk.ac.ed.ph.aardvark.swingui.request.AbstractServerRequest
2838;CLASS;uk.ac.ed.ph.aardvark.processor.domain.AbstractRemoteResourceResult;ADDED*;uk.ac.ed.ph.aardvark.processor.domain.ProcessorResult
2838;CLASS;uk.ac.ed.ph.aardvark.processor.domain.RemoteResourceObjectResult;ADDED*;uk.ac.ed.ph.aardvark.processor.domain.AbstractRemoteResourceResult
2851;CLASS;uk.ac.ed.ph.aardvark.swingui.editors.XfigFigureEditorPanel;ADDED*;uk.ac.ed.ph.aardvark.swingui.editors.AbstractTextEditorPanel
2851;CLASS;uk.ac.ed.ph.aardvark.processor.views.XfigFigureViewsTest;ADDED*;uk.ac.ed.ph.aardvark.processor.views.AbstractViewTest
2851;CLASS;uk.ac.ed.ph.aardvark.swingui.model.bundling.XfigFigureBundlingStrategy;ADDED*;uk.ac.ed.ph.aardvark.swingui.model.bundling.AbstractTextBundlingStrategy
2851;CLASS;uk.ac.ed.ph.aardvark.processor.views.XfigFigureDynamicBitmapViewStrategy;ADDED*;uk.ac.ed.ph.aardvark.processor.views.AbstractImageMagickViewStrategy
2976;CLASS;uk.ac.ed.ph.aardvark.webapplets.previewer.ViewSelectorApplet;ADDED*;uk.ac.ed.ph.aardvark.webapplets.previewer.ControllerSlaveApplet
2993;CLASS;uk.ac.ed.ph.aardvark.processor.views.FlashWebViewStrategy;ADDED*;uk.ac.ed.ph.aardvark.processor.views.AbstractCoreContentNodeWebViewStrategy
3047;CLASS;uk.ac.ed.ph.aardvark.swingui.editors.CourseEditorPanel;ADDED*;uk.ac.ed.ph.aardvark.swingui.editors.AbstractTextEditorPanel
3047;CLASS;uk.ac.ed.ph.aardvark.swingui.model.bundling.CourseBundlingStrategy;ADDED*;uk.ac.ed.ph.aardvark.swingui.model.bundling.AbstractTextBundlingStrategy
3070;CLASS;uk.ac.ed.ph.aardvark.processor.views.CoreContentNodeWebMathJaxViewStrategy;ADDED*;uk.ac.ed.ph.aardvark.processor.views.AbstractCoreContentNodeWebViewStrategy
3070;CLASS;uk.ac.ed.ph.aardvark.processor.views.serializers.HTML5MathJaxPipelineSerializerTemplate;ADDED*;uk.ac.ed.ph.aardvark.processor.views.serializers.DefaultXMLPipelineSerializerTemplate
3075;CLASS;uk.ac.ed.ph.aardvark.processor.views.serializers.HTML5MathJaxPipelineSerializerTemplate;ADDED*;uk.ac.ed.ph.aardvark.processor.views.serializers.AbstractXMLPipelineSerializerTemplate
3087;CLASS;uk.ac.ed.ph.aardvark.processor.views.serializers.XHTML1PipelineSerializerTemplate;ADDED*;uk.ac.ed.ph.aardvark.processor.views.serializers.AbstractXMLPipelineSerializerTemplate
3111;CLASS;uk.ac.ed.ph.aardvark.swingui.model.docs.ExternalResourceDocumentModel;ADDED*;uk.ac.ed.ph.aardvark.swingui.model.docs.ResourcesDocumentModel
3114;CLASS;uk.ac.ed.ph.aardvark.swingui.NodePreviewPanel;ADDED*;uk.ac.ed.ph.aardvark.swingui.AbstractNodeViewPanel
